backend,workload,execution_mode,element_count,stream_count,worker_count,warmup_count,measured_iterations,seed,verified,detailed,did_skip,skip_reason,warm_runtime_ms,end_to_end_ms,submission_ms,resident_compute_ms,throughput_elements_per_second,notes
cpu,single,sync,256,1,4,1,3,1196575044,true,false,false,,0,0.004611,0.004611,0.004611,5.55194e+07,"Measured with backend=cpu, workload=single, stream_count=1, element_count=256. CPU worker count is not GPU thread count; warmups do not guarantee identical cache or thermal state."
cpu,single,async,256,1,4,1,3,1196575044,true,false,false,,0,0.024319,0.024319,0.024319,1.05267e+07,"Measured with backend=cpu, workload=single, stream_count=1, element_count=256. CPU worker count is not GPU thread count; warmups do not guarantee identical cache or thermal state."
cpu,streams,sync,256,1,4,1,3,1196575044,true,false,false,,0,0.004389,0.004389,0.004389,5.83276e+07,"Measured with backend=cpu, workload=streams, stream_count=1, element_count=256. CPU worker count is not GPU thread count; warmups do not guarantee identical cache or thermal state."
cpu,streams,async,256,1,4,1,3,1196575044,true,false,false,,0,0.0275,0.0275,0.0275,9.30909e+06,"Measured with backend=cpu, workload=streams, stream_count=1, element_count=256. CPU worker count is not GPU thread count; warmups do not guarantee identical cache or thermal state."
cpu,streams,sync,256,2,4,1,3,1196575044,true,false,false,,0,0.00684767,0.00684767,0.00684767,3.7385e+07,"Measured with backend=cpu, workload=streams, stream_count=2, element_count=256. CPU worker count is not GPU thread count; warmups do not guarantee identical cache or thermal state."
cpu,streams,async,256,2,4,1,3,1196575044,true,false,false,,0,0.0681247,0.0681247,0.0681247,3.75782e+06,"Measured with backend=cpu, workload=streams, stream_count=2, element_count=256. CPU worker count is not GPU thread count; warmups do not guarantee identical cache or thermal state."
cpu,streams,sync,256,4,4,1,3,1196575044,true,false,false,,0,0.0116387,0.0116387,0.0116387,2.19956e+07,"Measured with backend=cpu, workload=streams, stream_count=4, element_count=256. CPU worker count is not GPU thread count; warmups do not guarantee identical cache or thermal state."
cpu,streams,async,256,4,4,1,3,1196575044,true,false,false,,0,0.0924583,0.0924583,0.0924583,2.76881e+06,"Measured with backend=cpu, workload=streams, stream_count=4, element_count=256. CPU worker count is not GPU thread count; warmups do not guarantee identical cache or thermal state."
cpu,dependency,sync,256,1,4,1,3,1196575044,true,false,false,,0,0.00366667,0.00366667,0.00366667,1.39636e+08,"Measured with backend=cpu, workload=dependency, stream_count=1, element_count=256. CPU worker count is not GPU thread count; warmups do not guarantee identical cache or thermal state."
cpu,dependency,async,256,1,4,1,3,1196575044,true,false,false,,0,0.0501943,0.0501943,0.0501943,1.02004e+07,"Measured with backend=cpu, workload=dependency, stream_count=1, element_count=256. CPU worker count is not GPU thread count; warmups do not guarantee identical cache or thermal state."
cpu,resident,sync,256,1,4,1,3,1196575044,true,false,false,,0,0.003472,0.003472,0.003472,7.37327e+07,"Measured with backend=cpu, workload=resident, stream_count=1, element_count=256. CPU worker count is not GPU thread count; warmups do not guarantee identical cache or thermal state."
cpu,resident,async,256,1,4,1,3,1196575044,true,false,false,,0,0.010375,0.010375,0.010375,2.46747e+07,"Measured with backend=cpu, workload=resident, stream_count=1, element_count=256. CPU worker count is not GPU thread count; warmups do not guarantee identical cache or thermal state."
cpu,single,sync,257,1,4,1,3,1196575044,true,false,false,,0,0.004,0.004,0.004,6.425e+07,"Measured with backend=cpu, workload=single, stream_count=1, element_count=257. CPU worker count is not GPU thread count; warmups do not guarantee identical cache or thermal state."
cpu,single,async,257,1,4,1,3,1196575044,true,false,false,,0,0.0157503,0.0157503,0.0157503,1.63171e+07,"Measured with backend=cpu, workload=single, stream_count=1, element_count=257. CPU worker count is not GPU thread count; warmups do not guarantee identical cache or thermal state."
cpu,streams,sync,257,1,4,1,3,1196575044,true,false,false,,0,0.00354167,0.00354167,0.00354167,7.25647e+07,"Measured with backend=cpu, workload=streams, stream_count=1, element_count=257. CPU worker count is not GPU thread count; warmups do not guarantee identical cache or thermal state."
cpu,streams,async,257,1,4,1,3,1196575044,true,false,false,,0,0.036611,0.036611,0.036611,7.01975e+06,"Measured with backend=cpu, workload=streams, stream_count=1, element_count=257. CPU worker count is not GPU thread count; warmups do not guarantee identical cache or thermal state."
cpu,streams,sync,257,2,4,1,3,1196575044,true,false,false,,0,0.00691667,0.00691667,0.00691667,3.71566e+07,"Measured with backend=cpu, workload=streams, stream_count=2, element_count=257. CPU worker count is not GPU thread count; warmups do not guarantee identical cache or thermal state."
cpu,streams,async,257,2,4,1,3,1196575044,true,false,false,,0,0.0433333,0.0433333,0.0433333,5.93077e+06,"Measured with backend=cpu, workload=streams, stream_count=2, element_count=257. CPU worker count is not GPU thread count; warmups do not guarantee identical cache or thermal state."
cpu,streams,sync,257,4,4,1,3,1196575044,true,false,false,,0,0.0114167,0.0114167,0.0114167,2.25109e+07,"Measured with backend=cpu, workload=streams, stream_count=4, element_count=257. CPU worker count is not GPU thread count; warmups do not guarantee identical cache or thermal state."
cpu,streams,async,257,4,4,1,3,1196575044,true,false,false,,0,0.0711113,0.0711113,0.0711113,3.61405e+06,"Measured with backend=cpu, workload=streams, stream_count=4, element_count=257. CPU worker count is not GPU thread count; warmups do not guarantee identical cache or thermal state."
cpu,dependency,sync,257,1,4,1,3,1196575044,true,false,false,,0,0.003611,0.003611,0.003611,1.42343e+08,"Measured with backend=cpu, workload=dependency, stream_count=1, element_count=257. CPU worker count is not GPU thread count; warmups do not guarantee identical cache or thermal state."
cpu,dependency,async,257,1,4,1,3,1196575044,true,false,false,,0,0.0414027,0.0414027,0.0414027,1.24147e+07,"Measured with backend=cpu, workload=dependency, stream_count=1, element_count=257. CPU worker count is not GPU thread count; warmups do not guarantee identical cache or thermal state."
cpu,resident,sync,257,1,4,1,3,1196575044,true,false,false,,0,0.00377733,0.00377733,0.00377733,6.80374e+07,"Measured with backend=cpu, workload=resident, stream_count=1, element_count=257. CPU worker count is not GPU thread count; warmups do not guarantee identical cache or thermal state."
cpu,resident,async,257,1,4,1,3,1196575044,true,false,false,,0,0.010861,0.010861,0.010861,2.36626e+07,"Measured with backend=cpu, workload=resident, stream_count=1, element_count=257. CPU worker count is not GPU thread count; warmups do not guarantee identical cache or thermal state."
cpu,single,sync,4096,1,4,1,3,1196575044,true,false,false,,0,0.0176807,0.0176807,0.0176807,2.31665e+08,"Measured with backend=cpu, workload=single, stream_count=1, element_count=4096. CPU worker count is not GPU thread count; warmups do not guarantee identical cache or thermal state."
cpu,single,async,4096,1,4,1,3,1196575044,true,false,false,,0,0.033847,0.033847,0.033847,1.21015e+08,"Measured with backend=cpu, workload=single, stream_count=1, element_count=4096. CPU worker count is not GPU thread count; warmups do not guarantee identical cache or thermal state."
cpu,streams,sync,4096,1,4,1,3,1196575044,true,false,false,,0,0.017611,0.017611,0.017611,2.32582e+08,"Measured with backend=cpu, workload=streams, stream_count=1, element_count=4096. CPU worker count is not GPU thread count; warmups do not guarantee identical cache or thermal state."
cpu,streams,async,4096,1,4,1,3,1196575044,true,false,false,,0,0.0323613,0.0323613,0.0323613,1.26571e+08,"Measured with backend=cpu, workload=streams, stream_count=1, element_count=4096. CPU worker count is not GPU thread count; warmups do not guarantee identical cache or thermal state."
cpu,streams,sync,4096,2,4,1,3,1196575044,true,false,false,,0,0.0198887,0.0198887,0.0198887,2.05946e+08,"Measured with backend=cpu, workload=streams, stream_count=2, element_count=4096. CPU worker count is not GPU thread count; warmups do not guarantee identical cache or thermal state."
cpu,streams,async,4096,2,4,1,3,1196575044,true,false,false,,0,0.058667,0.058667,0.058667,6.98178e+07,"Measured with backend=cpu, workload=streams, stream_count=2, element_count=4096. CPU worker count is not GPU thread count; warmups do not guarantee identical cache or thermal state."
cpu,streams,sync,4096,4,4,1,3,1196575044,true,false,false,,0,0.023708,0.023708,0.023708,1.72769e+08,"Measured with backend=cpu, workload=streams, stream_count=4, element_count=4096. CPU worker count is not GPU thread count; warmups do not guarantee identical cache or thermal state."
cpu,streams,async,4096,4,4,1,3,1196575044,true,false,false,,0,0.082139,0.082139,0.082139,4.98667e+07,"Measured with backend=cpu, workload=streams, stream_count=4, element_count=4096. CPU worker count is not GPU thread count; warmups do not guarantee identical cache or thermal state."
cpu,dependency,sync,4096,1,4,1,3,1196575044,true,false,false,,0,0.017903,0.017903,0.017903,4.57577e+08,"Measured with backend=cpu, workload=dependency, stream_count=1, element_count=4096. CPU worker count is not GPU thread count; warmups do not guarantee identical cache or thermal state."
cpu,dependency,async,4096,1,4,1,3,1196575044,true,false,false,,0,0.049111,0.049111,0.049111,1.66806e+08,"Measured with backend=cpu, workload=dependency, stream_count=1, element_count=4096. CPU worker count is not GPU thread count; warmups do not guarantee identical cache or thermal state."
cpu,resident,sync,4096,1,4,1,3,1196575044,true,false,false,,0,0.017167,0.017167,0.017167,2.38597e+08,"Measured with backend=cpu, workload=resident, stream_count=1, element_count=4096. CPU worker count is not GPU thread count; warmups do not guarantee identical cache or thermal state."
cpu,resident,async,4096,1,4,1,3,1196575044,true,false,false,,0,0.0239997,0.0239997,0.0239997,1.70669e+08,"Measured with backend=cpu, workload=resident, stream_count=1, element_count=4096. CPU worker count is not GPU thread count; warmups do not guarantee identical cache or thermal state."
