case_id,iteration_id,backend,workload,mode,element_count,requested_stream_count,actual_stream_count,launch_count,element_additions,worker_count,seed,verified,end_to_end_ms,submission_ms,resident_compute_ms
case-0001,1,cpu,single,sync,256,1,0,1,256,4,1196575044,true,0.000583,,
case-0001,2,cpu,single,sync,256,1,0,1,256,4,1196575044,true,0.001084,,
case-0001,3,cpu,single,sync,256,1,0,1,256,4,1196575044,true,0.000958,,
case-0002,1,cpu,single,async,256,1,1,1,256,4,1196575044,true,0.010125,0.001583,
case-0002,2,cpu,single,async,256,1,1,1,256,4,1196575044,true,0.009083,0.001292,
case-0002,3,cpu,single,async,256,1,1,1,256,4,1196575044,true,0.0315,0.003208,
case-0003,1,cpu,streams,sync,256,1,0,1,256,4,1196575044,true,0.001208,,
case-0003,2,cpu,streams,sync,256,1,0,1,256,4,1196575044,true,0.001084,,
case-0003,3,cpu,streams,sync,256,1,0,1,256,4,1196575044,true,0.000542,,
case-0004,1,cpu,streams,async,256,1,1,1,256,4,1196575044,true,0.013458,0.002541,
case-0004,2,cpu,streams,async,256,1,1,1,256,4,1196575044,true,0.010417,0.002125,
case-0004,3,cpu,streams,async,256,1,1,1,256,4,1196575044,true,0.019667,0.003,
case-0005,1,cpu,streams,sync,256,2,0,2,256,4,1196575044,true,0.001584,,
case-0005,2,cpu,streams,sync,256,2,0,2,256,4,1196575044,true,0.001458,,
case-0005,3,cpu,streams,sync,256,2,0,2,256,4,1196575044,true,0.003583,,
case-0006,1,cpu,streams,async,256,2,2,2,256,4,1196575044,true,0.0325,0.002834,
case-0006,2,cpu,streams,async,256,2,2,2,256,4,1196575044,true,0.03575,0.017834,
case-0006,3,cpu,streams,async,256,2,2,2,256,4,1196575044,true,0.034542,0.015125,
case-0007,1,cpu,streams,sync,256,4,0,4,256,4,1196575044,true,0.003583,,
case-0007,2,cpu,streams,sync,256,4,0,4,256,4,1196575044,true,0.008958,,
case-0007,3,cpu,streams,sync,256,4,0,4,256,4,1196575044,true,0.002208,,
case-0008,1,cpu,streams,async,256,4,4,4,256,4,1196575044,true,0.069208,0.044541,
case-0008,2,cpu,streams,async,256,4,4,4,256,4,1196575044,true,0.048542,0.005375,
case-0008,3,cpu,streams,async,256,4,4,4,256,4,1196575044,true,0.0875,0.076,
case-0009,1,cpu,dependency,sync,256,1,0,2,512,4,1196575044,true,0.001167,,
case-0009,2,cpu,dependency,sync,256,1,0,2,512,4,1196575044,true,0.000917,,
case-0009,3,cpu,dependency,sync,256,1,0,2,512,4,1196575044,true,0.000792,,
case-0010,1,cpu,dependency,async,256,1,3,2,512,4,1196575044,true,0.046375,0.035375,
case-0010,2,cpu,dependency,async,256,1,3,2,512,4,1196575044,true,0.02225,0.005167,
case-0010,3,cpu,dependency,async,256,1,3,2,512,4,1196575044,true,0.035083,0.022041,
case-0011,1,cpu,resident,sync,256,1,0,1,256,4,1196575044,true,,,0.003917
case-0011,2,cpu,resident,sync,256,1,0,1,256,4,1196575044,true,,,0.001709
case-0011,3,cpu,resident,sync,256,1,0,1,256,4,1196575044,true,,,0.00325
case-0012,1,cpu,resident,async,256,1,1,1,256,4,1196575044,true,,0.002042,0.009959
case-0012,2,cpu,resident,async,256,1,1,1,256,4,1196575044,true,,0.001792,0.008
case-0012,3,cpu,resident,async,256,1,1,1,256,4,1196575044,true,,0.003667,0.015375
case-0013,1,cpu,single,sync,257,1,0,1,257,4,1196575044,true,0.000791,,
case-0013,2,cpu,single,sync,257,1,0,1,257,4,1196575044,true,0.000459,,
case-0013,3,cpu,single,sync,257,1,0,1,257,4,1196575044,true,0.000625,,
case-0014,1,cpu,single,async,257,1,1,1,257,4,1196575044,true,0.022834,0.01775,
case-0014,2,cpu,single,async,257,1,1,1,257,4,1196575044,true,0.01,0.001625,
case-0014,3,cpu,single,async,257,1,1,1,257,4,1196575044,true,0.012333,0.002583,
case-0015,1,cpu,streams,sync,257,1,0,1,257,4,1196575044,true,0.002167,,
case-0015,2,cpu,streams,sync,257,1,0,1,257,4,1196575044,true,0.001166,,
case-0015,3,cpu,streams,sync,257,1,0,1,257,4,1196575044,true,0.002917,,
case-0016,1,cpu,streams,async,257,1,1,1,257,4,1196575044,true,0.016209,0.001917,
case-0016,2,cpu,streams,async,257,1,1,1,257,4,1196575044,true,0.01825,0.002459,
case-0016,3,cpu,streams,async,257,1,1,1,257,4,1196575044,true,0.020291,0.009375,
case-0017,1,cpu,streams,sync,257,2,0,2,257,4,1196575044,true,0.008125,,
case-0017,2,cpu,streams,sync,257,2,0,2,257,4,1196575044,true,0.001458,,
case-0017,3,cpu,streams,sync,257,2,0,2,257,4,1196575044,true,0.000917,,
case-0018,1,cpu,streams,async,257,2,2,2,257,4,1196575044,true,0.016,0.002042,
case-0018,2,cpu,streams,async,257,2,2,2,257,4,1196575044,true,0.036125,0.008834,
case-0018,3,cpu,streams,async,257,2,2,2,257,4,1196575044,true,0.023416,0.005125,
case-0019,1,cpu,streams,sync,257,4,0,4,257,4,1196575044,true,0.001583,,
case-0019,2,cpu,streams,sync,257,4,0,4,257,4,1196575044,true,0.002292,,
case-0019,3,cpu,streams,sync,257,4,0,4,257,4,1196575044,true,0.001958,,
case-0020,1,cpu,streams,async,257,4,4,4,257,4,1196575044,true,0.022208,0.004167,
case-0020,2,cpu,streams,async,257,4,4,4,257,4,1196575044,true,0.056833,0.049875,
case-0020,3,cpu,streams,async,257,4,4,4,257,4,1196575044,true,0.081541,0.055416,
case-0021,1,cpu,dependency,sync,257,1,0,2,514,4,1196575044,true,0.002667,,
case-0021,2,cpu,dependency,sync,257,1,0,2,514,4,1196575044,true,0.001,,
case-0021,3,cpu,dependency,sync,257,1,0,2,514,4,1196575044,true,0.003167,,
case-0022,1,cpu,dependency,async,257,1,3,2,514,4,1196575044,true,0.051166,0.042708,
case-0022,2,cpu,dependency,async,257,1,3,2,514,4,1196575044,true,0.039333,0.024375,
case-0022,3,cpu,dependency,async,257,1,3,2,514,4,1196575044,true,0.055959,0.04925,
case-0023,1,cpu,resident,sync,257,1,0,1,257,4,1196575044,true,,,0.003542
case-0023,2,cpu,resident,sync,257,1,0,1,257,4,1196575044,true,,,0.005583
case-0023,3,cpu,resident,sync,257,1,0,1,257,4,1196575044,true,,,0.003458
case-0024,1,cpu,resident,async,257,1,1,1,257,4,1196575044,true,,0.0015,0.011
case-0024,2,cpu,resident,async,257,1,1,1,257,4,1196575044,true,,0.001084,0.019791
case-0024,3,cpu,resident,async,257,1,1,1,257,4,1196575044,true,,0.007958,0.012708
case-0025,1,cpu,single,sync,4096,1,0,1,4096,4,1196575044,true,0.001833,,
case-0025,2,cpu,single,sync,4096,1,0,1,4096,4,1196575044,true,0.002459,,
case-0025,3,cpu,single,sync,4096,1,0,1,4096,4,1196575044,true,0.002083,,
case-0026,1,cpu,single,async,4096,1,1,1,4096,4,1196575044,true,0.015167,0.002292,
case-0026,2,cpu,single,async,4096,1,1,1,4096,4,1196575044,true,0.047375,0.039667,
case-0026,3,cpu,single,async,4096,1,1,1,4096,4,1196575044,true,0.010958,0.002166,
case-0027,1,cpu,streams,sync,4096,1,0,1,4096,4,1196575044,true,0.00175,,
case-0027,2,cpu,streams,sync,4096,1,0,1,4096,4,1196575044,true,0.001833,,
case-0027,3,cpu,streams,sync,4096,1,0,1,4096,4,1196575044,true,0.002292,,
case-0028,1,cpu,streams,async,4096,1,1,1,4096,4,1196575044,true,0.015792,0.00375,
case-0028,2,cpu,streams,async,4096,1,1,1,4096,4,1196575044,true,0.016875,0.002583,
case-0028,3,cpu,streams,async,4096,1,1,1,4096,4,1196575044,true,0.015458,0.002917,
case-0029,1,cpu,streams,sync,4096,2,0,2,4096,4,1196575044,true,0.004625,,
case-0029,2,cpu,streams,sync,4096,2,0,2,4096,4,1196575044,true,0.002584,,
case-0029,3,cpu,streams,sync,4096,2,0,2,4096,4,1196575044,true,0.002666,,
case-0030,1,cpu,streams,async,4096,2,2,2,4096,4,1196575044,true,0.040625,0.027042,
case-0030,2,cpu,streams,async,4096,2,2,2,4096,4,1196575044,true,0.025833,0.003125,
case-0030,3,cpu,streams,async,4096,2,2,2,4096,4,1196575044,true,0.029875,0.003708,
case-0031,1,cpu,streams,sync,4096,4,0,4,4096,4,1196575044,true,0.003,,
case-0031,2,cpu,streams,sync,4096,4,0,4,4096,4,1196575044,true,0.003583,,
case-0031,3,cpu,streams,sync,4096,4,0,4,4096,4,1196575044,true,0.002625,,
case-0032,1,cpu,streams,async,4096,4,4,4,4096,4,1196575044,true,0.063083,0.032292,
case-0032,2,cpu,streams,async,4096,4,4,4,4096,4,1196575044,true,0.076084,0.058834,
case-0032,3,cpu,streams,async,4096,4,4,4,4096,4,1196575044,true,0.068167,0.040708,
case-0033,1,cpu,dependency,sync,4096,1,0,2,8192,4,1196575044,true,0.004,,
case-0033,2,cpu,dependency,sync,4096,1,0,2,8192,4,1196575044,true,0.002208,,
case-0033,3,cpu,dependency,sync,4096,1,0,2,8192,4,1196575044,true,0.002916,,
case-0034,1,cpu,dependency,async,4096,1,3,2,8192,4,1196575044,true,0.057542,0.035167,
case-0034,2,cpu,dependency,async,4096,1,3,2,8192,4,1196575044,true,0.033375,0.006583,
case-0034,3,cpu,dependency,async,4096,1,3,2,8192,4,1196575044,true,0.0355,0.008167,
case-0035,1,cpu,resident,sync,4096,1,0,1,4096,4,1196575044,true,,,0.001583
case-0035,2,cpu,resident,sync,4096,1,0,1,4096,4,1196575044,true,,,0.001333
case-0035,3,cpu,resident,sync,4096,1,0,1,4096,4,1196575044,true,,,0.001458
case-0036,1,cpu,resident,async,4096,1,1,1,4096,4,1196575044,true,,0.001042,0.006167
case-0036,2,cpu,resident,async,4096,1,1,1,4096,4,1196575044,true,,0.00175,0.011375
case-0036,3,cpu,resident,async,4096,1,1,1,4096,4,1196575044,true,,0.002125,0.013584
case-0037,1,metal,single,sync,256,1,0,1,256,4,1196575044,true,0.206125,,
case-0037,2,metal,single,sync,256,1,0,1,256,4,1196575044,true,0.177125,,
case-0037,3,metal,single,sync,256,1,0,1,256,4,1196575044,true,0.155416,,
case-0038,1,metal,single,async,256,1,1,1,256,4,1196575044,true,0.17225,0.001958,
case-0038,2,metal,single,async,256,1,1,1,256,4,1196575044,true,0.192375,0.002709,
case-0038,3,metal,single,async,256,1,1,1,256,4,1196575044,true,0.154458,0.001458,
case-0039,1,metal,streams,sync,256,1,0,1,256,4,1196575044,true,0.160834,,
case-0039,2,metal,streams,sync,256,1,0,1,256,4,1196575044,true,0.164375,,
case-0039,3,metal,streams,sync,256,1,0,1,256,4,1196575044,true,0.157583,,
case-0040,1,metal,streams,async,256,1,1,1,256,4,1196575044,true,0.188666,0.001666,
case-0040,2,metal,streams,async,256,1,1,1,256,4,1196575044,true,0.164708,0.001458,
case-0040,3,metal,streams,async,256,1,1,1,256,4,1196575044,true,0.17875,0.001833,
case-0041,1,metal,streams,sync,256,2,0,2,256,4,1196575044,true,0.36775,,
case-0041,2,metal,streams,sync,256,2,0,2,256,4,1196575044,true,0.429917,,
case-0041,3,metal,streams,sync,256,2,0,2,256,4,1196575044,true,0.311041,,
case-0042,1,metal,streams,async,256,2,2,2,256,4,1196575044,true,0.182209,0.002584,
case-0042,2,metal,streams,async,256,2,2,2,256,4,1196575044,true,0.184,0.002625,
case-0042,3,metal,streams,async,256,2,2,2,256,4,1196575044,true,0.178209,0.002667,
case-0043,1,metal,streams,sync,256,4,0,4,256,4,1196575044,true,0.836667,,
case-0043,2,metal,streams,sync,256,4,0,4,256,4,1196575044,true,0.760542,,
case-0043,3,metal,streams,sync,256,4,0,4,256,4,1196575044,true,0.729959,,
case-0044,1,metal,streams,async,256,4,4,4,256,4,1196575044,true,0.177625,0.004584,
case-0044,2,metal,streams,async,256,4,4,4,256,4,1196575044,true,0.234084,0.00425,
case-0044,3,metal,streams,async,256,4,4,4,256,4,1196575044,true,0.219792,0.005167,
case-0045,1,metal,dependency,sync,256,1,0,2,512,4,1196575044,true,0.450667,,
case-0045,2,metal,dependency,sync,256,1,0,2,512,4,1196575044,true,0.413,,
case-0045,3,metal,dependency,sync,256,1,0,2,512,4,1196575044,true,0.300917,,
case-0046,1,metal,dependency,async,256,1,3,2,512,4,1196575044,true,0.440416,0.012375,
case-0046,2,metal,dependency,async,256,1,3,2,512,4,1196575044,true,0.358541,0.005584,
case-0046,3,metal,dependency,async,256,1,3,2,512,4,1196575044,true,0.331083,0.005,
case-0047,1,metal,resident,sync,256,1,0,1,256,4,1196575044,true,,,0.175416
case-0047,2,metal,resident,sync,256,1,0,1,256,4,1196575044,true,,,0.168625
case-0047,3,metal,resident,sync,256,1,0,1,256,4,1196575044,true,,,0.171916
case-0048,1,metal,resident,async,256,1,1,1,256,4,1196575044,true,,0.001417,0.191875
case-0048,2,metal,resident,async,256,1,1,1,256,4,1196575044,true,,0.001333,0.142416
case-0048,3,metal,resident,async,256,1,1,1,256,4,1196575044,true,,0.001291,0.153292
case-0049,1,metal,single,sync,257,1,0,1,257,4,1196575044,true,0.19725,,
case-0049,2,metal,single,sync,257,1,0,1,257,4,1196575044,true,0.156,,
case-0049,3,metal,single,sync,257,1,0,1,257,4,1196575044,true,0.189375,,
case-0050,1,metal,single,async,257,1,1,1,257,4,1196575044,true,0.182042,0.001667,
case-0050,2,metal,single,async,257,1,1,1,257,4,1196575044,true,0.152333,0.001458,
case-0050,3,metal,single,async,257,1,1,1,257,4,1196575044,true,0.188958,0.001584,
case-0051,1,metal,streams,sync,257,1,0,1,257,4,1196575044,true,0.161375,,
case-0051,2,metal,streams,sync,257,1,0,1,257,4,1196575044,true,0.141917,,
case-0051,3,metal,streams,sync,257,1,0,1,257,4,1196575044,true,0.154875,,
case-0052,1,metal,streams,async,257,1,1,1,257,4,1196575044,true,0.171167,0.001708,
case-0052,2,metal,streams,async,257,1,1,1,257,4,1196575044,true,0.189667,0.0015,
case-0052,3,metal,streams,async,257,1,1,1,257,4,1196575044,true,0.185208,0.001417,
case-0053,1,metal,streams,sync,257,2,0,2,257,4,1196575044,true,0.336541,,
case-0053,2,metal,streams,sync,257,2,0,2,257,4,1196575044,true,0.354291,,
case-0053,3,metal,streams,sync,257,2,0,2,257,4,1196575044,true,0.323292,,
case-0054,1,metal,streams,async,257,2,2,2,257,4,1196575044,true,0.204791,0.002791,
case-0054,2,metal,streams,async,257,2,2,2,257,4,1196575044,true,0.191125,0.002875,
case-0054,3,metal,streams,async,257,2,2,2,257,4,1196575044,true,0.176333,0.002708,
case-0055,1,metal,streams,sync,257,4,0,4,257,4,1196575044,true,0.790875,,
case-0055,2,metal,streams,sync,257,4,0,4,257,4,1196575044,true,0.684375,,
case-0055,3,metal,streams,sync,257,4,0,4,257,4,1196575044,true,0.722708,,
case-0056,1,metal,streams,async,257,4,4,4,257,4,1196575044,true,0.255,0.004458,
case-0056,2,metal,streams,async,257,4,4,4,257,4,1196575044,true,0.23125,0.004125,
case-0056,3,metal,streams,async,257,4,4,4,257,4,1196575044,true,0.191875,0.005333,
case-0057,1,metal,dependency,sync,257,1,0,2,514,4,1196575044,true,0.348417,,
case-0057,2,metal,dependency,sync,257,1,0,2,514,4,1196575044,true,0.313291,,
case-0057,3,metal,dependency,sync,257,1,0,2,514,4,1196575044,true,0.323583,,
case-0058,1,metal,dependency,async,257,1,3,2,514,4,1196575044,true,0.433167,0.004833,
case-0058,2,metal,dependency,async,257,1,3,2,514,4,1196575044,true,0.4875,0.005,
case-0058,3,metal,dependency,async,257,1,3,2,514,4,1196575044,true,0.342167,0.005667,
case-0059,1,metal,resident,sync,257,1,0,1,257,4,1196575044,true,,,0.164958
case-0059,2,metal,resident,sync,257,1,0,1,257,4,1196575044,true,,,0.135667
case-0059,3,metal,resident,sync,257,1,0,1,257,4,1196575044,true,,,0.166708
case-0060,1,metal,resident,async,257,1,1,1,257,4,1196575044,true,,0.001542,0.185875
case-0060,2,metal,resident,async,257,1,1,1,257,4,1196575044,true,,0.00125,0.193042
case-0060,3,metal,resident,async,257,1,1,1,257,4,1196575044,true,,0.00125,0.148166
case-0061,1,metal,single,sync,4096,1,0,1,4096,4,1196575044,true,0.234708,,
case-0061,2,metal,single,sync,4096,1,0,1,4096,4,1196575044,true,0.188042,,
case-0061,3,metal,single,sync,4096,1,0,1,4096,4,1196575044,true,0.293708,,
case-0062,1,metal,single,async,4096,1,1,1,4096,4,1196575044,true,0.184333,0.002208,
case-0062,2,metal,single,async,4096,1,1,1,4096,4,1196575044,true,0.177625,0.002083,
case-0062,3,metal,single,async,4096,1,1,1,4096,4,1196575044,true,0.15,0.003334,
case-0063,1,metal,streams,sync,4096,1,0,1,4096,4,1196575044,true,0.181667,,
case-0063,2,metal,streams,sync,4096,1,0,1,4096,4,1196575044,true,0.154083,,
case-0063,3,metal,streams,sync,4096,1,0,1,4096,4,1196575044,true,0.19075,,
case-0064,1,metal,streams,async,4096,1,1,1,4096,4,1196575044,true,0.213833,0.002875,
case-0064,2,metal,streams,async,4096,1,1,1,4096,4,1196575044,true,0.195209,0.002,
case-0064,3,metal,streams,async,4096,1,1,1,4096,4,1196575044,true,0.164,0.00225,
case-0065,1,metal,streams,sync,4096,2,0,2,4096,4,1196575044,true,0.422875,,
case-0065,2,metal,streams,sync,4096,2,0,2,4096,4,1196575044,true,0.405125,,
case-0065,3,metal,streams,sync,4096,2,0,2,4096,4,1196575044,true,0.303292,,
case-0066,1,metal,streams,async,4096,2,2,2,4096,4,1196575044,true,0.211708,0.004125,
case-0066,2,metal,streams,async,4096,2,2,2,4096,4,1196575044,true,0.165333,0.00325,
case-0066,3,metal,streams,async,4096,2,2,2,4096,4,1196575044,true,0.190292,0.003875,
case-0067,1,metal,streams,sync,4096,4,0,4,4096,4,1196575044,true,0.785,,
case-0067,2,metal,streams,sync,4096,4,0,4,4096,4,1196575044,true,0.633625,,
case-0067,3,metal,streams,sync,4096,4,0,4,4096,4,1196575044,true,0.641709,,
case-0068,1,metal,streams,async,4096,4,4,4,4096,4,1196575044,true,0.283625,0.032833,
case-0068,2,metal,streams,async,4096,4,4,4,4096,4,1196575044,true,0.22425,0.030209,
case-0068,3,metal,streams,async,4096,4,4,4,4096,4,1196575044,true,0.201459,0.034959,
case-0069,1,metal,dependency,sync,4096,1,0,2,8192,4,1196575044,true,0.329875,,
case-0069,2,metal,dependency,sync,4096,1,0,2,8192,4,1196575044,true,0.295209,,
case-0069,3,metal,dependency,sync,4096,1,0,2,8192,4,1196575044,true,0.299958,,
case-0070,1,metal,dependency,async,4096,1,3,2,8192,4,1196575044,true,0.40925,0.007416,
case-0070,2,metal,dependency,async,4096,1,3,2,8192,4,1196575044,true,0.34625,0.005625,
case-0070,3,metal,dependency,async,4096,1,3,2,8192,4,1196575044,true,0.33525,0.021708,
case-0071,1,metal,resident,sync,4096,1,0,1,4096,4,1196575044,true,,,0.16725
case-0071,2,metal,resident,sync,4096,1,0,1,4096,4,1196575044,true,,,0.146583
case-0071,3,metal,resident,sync,4096,1,0,1,4096,4,1196575044,true,,,0.138291
case-0072,1,metal,resident,async,4096,1,1,1,4096,4,1196575044,true,,0.001042,0.177042
case-0072,2,metal,resident,async,4096,1,1,1,4096,4,1196575044,true,,0.001167,0.179834
case-0072,3,metal,resident,async,4096,1,1,1,4096,4,1196575044,true,,0.001,0.14875
