case_id,iteration_id,measurement_order,backend,workload,mode,element_count,requested_stream_count,actual_stream_count,launch_count,element_additions,worker_count,seed,verified,end_to_end_ms,submission_ms,resident_compute_ms
case-0001,1,1,cpu,dependency,async,1,1,3,2,2,4,1196575044,true,0.05625,0.026875,
case-0001,2,2,cpu,dependency,async,1,1,3,2,2,4,1196575044,true,0.040458,0.032125,
case-0001,3,3,cpu,dependency,async,1,1,3,2,2,4,1196575044,true,0.04275,0.038208,
case-0001,4,4,cpu,dependency,async,1,1,3,2,2,4,1196575044,true,0.0605,0.013333,
case-0001,5,5,cpu,dependency,async,1,1,3,2,2,4,1196575044,true,0.049083,0.035334,
case-0001,6,6,cpu,dependency,async,1,1,3,2,2,4,1196575044,true,0.048292,0.044458,
case-0001,7,7,cpu,dependency,async,1,1,3,2,2,4,1196575044,true,0.030083,0.007084,
case-0001,8,8,cpu,dependency,async,1,1,3,2,2,4,1196575044,true,0.053416,0.031041,
case-0001,9,9,cpu,dependency,async,1,1,3,2,2,4,1196575044,true,0.031583,0.012167,
case-0001,10,10,cpu,dependency,async,1,1,3,2,2,4,1196575044,true,0.040167,0.032375,
case-0001,11,11,cpu,dependency,async,1,1,3,2,2,4,1196575044,true,0.039375,0.023833,
case-0001,12,12,cpu,dependency,async,1,1,3,2,2,4,1196575044,true,0.04625,0.041541,
case-0001,13,13,cpu,dependency,async,1,1,3,2,2,4,1196575044,true,0.042958,0.028792,
case-0001,14,14,cpu,dependency,async,1,1,3,2,2,4,1196575044,true,0.0545,0.0415,
case-0001,15,15,cpu,dependency,async,1,1,3,2,2,4,1196575044,true,0.058417,0.053458,
case-0001,16,16,cpu,dependency,async,1,1,3,2,2,4,1196575044,true,0.043209,0.024125,
case-0001,17,17,cpu,dependency,async,1,1,3,2,2,4,1196575044,true,0.051708,0.047,
case-0001,18,18,cpu,dependency,async,1,1,3,2,2,4,1196575044,true,0.034209,0.004209,
case-0001,19,19,cpu,dependency,async,1,1,3,2,2,4,1196575044,true,0.041292,0.005458,
case-0001,20,20,cpu,dependency,async,1,1,3,2,2,4,1196575044,true,0.059667,0.053292,
case-0001,21,21,cpu,dependency,async,1,1,3,2,2,4,1196575044,true,0.030167,0.018042,
case-0001,22,22,cpu,dependency,async,1,1,3,2,2,4,1196575044,true,0.033541,0.014208,
case-0001,23,23,cpu,dependency,async,1,1,3,2,2,4,1196575044,true,0.035542,0.024125,
case-0001,24,24,cpu,dependency,async,1,1,3,2,2,4,1196575044,true,0.019292,0.007792,
case-0001,25,25,cpu,dependency,async,1,1,3,2,2,4,1196575044,true,0.0545,0.040708,
case-0001,26,26,cpu,dependency,async,1,1,3,2,2,4,1196575044,true,0.029541,0.014167,
case-0001,27,27,cpu,dependency,async,1,1,3,2,2,4,1196575044,true,0.033583,0.012458,
case-0001,28,28,cpu,dependency,async,1,1,3,2,2,4,1196575044,true,0.021375,0.004459,
case-0001,29,29,cpu,dependency,async,1,1,3,2,2,4,1196575044,true,0.040708,0.035292,
case-0001,30,30,cpu,dependency,async,1,1,3,2,2,4,1196575044,true,0.041959,0.039375,
case-0001,31,31,cpu,dependency,async,1,1,3,2,2,4,1196575044,true,0.042542,0.0355,
case-0001,32,32,cpu,dependency,async,1,1,3,2,2,4,1196575044,true,0.039333,0.004833,
case-0001,33,33,cpu,dependency,async,1,1,3,2,2,4,1196575044,true,0.035,0.015958,
case-0001,34,34,cpu,dependency,async,1,1,3,2,2,4,1196575044,true,0.043917,0.012375,
case-0001,35,35,cpu,dependency,async,1,1,3,2,2,4,1196575044,true,0.081125,0.067875,
case-0001,36,36,cpu,dependency,async,1,1,3,2,2,4,1196575044,true,0.053166,0.034459,
case-0001,37,37,cpu,dependency,async,1,1,3,2,2,4,1196575044,true,0.033916,0.02525,
case-0001,38,38,cpu,dependency,async,1,1,3,2,2,4,1196575044,true,0.035792,0.017666,
case-0001,39,39,cpu,dependency,async,1,1,3,2,2,4,1196575044,true,0.049667,0.049583,
case-0001,40,40,cpu,dependency,async,1,1,3,2,2,4,1196575044,true,0.02825,0.014834,
case-0001,41,41,cpu,dependency,async,1,1,3,2,2,4,1196575044,true,0.0585,0.049583,
case-0001,42,42,cpu,dependency,async,1,1,3,2,2,4,1196575044,true,0.056916,0.043583,
case-0001,43,43,cpu,dependency,async,1,1,3,2,2,4,1196575044,true,0.067,0.061417,
case-0001,44,44,cpu,dependency,async,1,1,3,2,2,4,1196575044,true,0.030416,0.007875,
case-0001,45,45,cpu,dependency,async,1,1,3,2,2,4,1196575044,true,0.054542,0.033583,
case-0001,46,46,cpu,dependency,async,1,1,3,2,2,4,1196575044,true,0.021708,0.011083,
case-0001,47,47,cpu,dependency,async,1,1,3,2,2,4,1196575044,true,0.035625,0.019916,
case-0001,48,48,cpu,dependency,async,1,1,3,2,2,4,1196575044,true,0.042542,0.025292,
case-0001,49,49,cpu,dependency,async,1,1,3,2,2,4,1196575044,true,0.046959,0.018042,
case-0001,50,50,cpu,dependency,async,1,1,3,2,2,4,1196575044,true,0.058208,0.026166,
case-0001,51,51,cpu,dependency,async,1,1,3,2,2,4,1196575044,true,0.051959,0.020042,
case-0001,52,52,cpu,dependency,async,1,1,3,2,2,4,1196575044,true,0.034542,0.014625,
case-0001,53,53,cpu,dependency,async,1,1,3,2,2,4,1196575044,true,0.05575,0.034083,
case-0001,54,54,cpu,dependency,async,1,1,3,2,2,4,1196575044,true,0.046209,0.027,
case-0001,55,55,cpu,dependency,async,1,1,3,2,2,4,1196575044,true,0.048333,0.014292,
case-0001,56,56,cpu,dependency,async,1,1,3,2,2,4,1196575044,true,0.039833,0.025583,
case-0001,57,57,cpu,dependency,async,1,1,3,2,2,4,1196575044,true,0.054416,0.028167,
case-0001,58,58,cpu,dependency,async,1,1,3,2,2,4,1196575044,true,0.031542,0.031458,
case-0001,59,59,cpu,dependency,async,1,1,3,2,2,4,1196575044,true,0.06,0.047333,
case-0001,60,60,cpu,dependency,async,1,1,3,2,2,4,1196575044,true,0.066875,0.037875,
case-0001,61,61,cpu,dependency,async,1,1,3,2,2,4,1196575044,true,0.063083,0.048292,
case-0001,62,62,cpu,dependency,async,1,1,3,2,2,4,1196575044,true,0.047833,0.041333,
case-0001,63,63,cpu,dependency,async,1,1,3,2,2,4,1196575044,true,0.047042,0.024667,
case-0001,64,64,cpu,dependency,async,1,1,3,2,2,4,1196575044,true,0.032541,0.020208,
case-0001,65,65,cpu,dependency,async,1,1,3,2,2,4,1196575044,true,0.024041,0.004583,
case-0001,66,66,cpu,dependency,async,1,1,3,2,2,4,1196575044,true,0.040291,0.014709,
case-0001,67,67,cpu,dependency,async,1,1,3,2,2,4,1196575044,true,0.052584,0.03775,
case-0001,68,68,cpu,dependency,async,1,1,3,2,2,4,1196575044,true,0.051375,0.046416,
case-0001,69,69,cpu,dependency,async,1,1,3,2,2,4,1196575044,true,0.023375,0.004958,
case-0001,70,70,cpu,dependency,async,1,1,3,2,2,4,1196575044,true,0.033583,0.011916,
case-0001,71,71,cpu,dependency,async,1,1,3,2,2,4,1196575044,true,0.058459,0.029459,
case-0001,72,72,cpu,dependency,async,1,1,3,2,2,4,1196575044,true,0.077875,0.020875,
case-0001,73,73,cpu,dependency,async,1,1,3,2,2,4,1196575044,true,0.092459,0.014333,
case-0001,74,74,cpu,dependency,async,1,1,3,2,2,4,1196575044,true,0.05625,0.046667,
case-0001,75,75,cpu,dependency,async,1,1,3,2,2,4,1196575044,true,0.036959,0.0135,
case-0001,76,76,cpu,dependency,async,1,1,3,2,2,4,1196575044,true,0.085833,0.016541,
case-0001,77,77,cpu,dependency,async,1,1,3,2,2,4,1196575044,true,0.027,0.008125,
case-0001,78,78,cpu,dependency,async,1,1,3,2,2,4,1196575044,true,0.060042,0.04175,
case-0001,79,79,cpu,dependency,async,1,1,3,2,2,4,1196575044,true,0.034375,0.008708,
case-0001,80,80,cpu,dependency,async,1,1,3,2,2,4,1196575044,true,0.030333,0.008208,
case-0001,81,81,cpu,dependency,async,1,1,3,2,2,4,1196575044,true,0.074667,0.052959,
case-0001,82,82,cpu,dependency,async,1,1,3,2,2,4,1196575044,true,0.049042,0.030375,
case-0001,83,83,cpu,dependency,async,1,1,3,2,2,4,1196575044,true,0.046084,0.03975,
case-0001,84,84,cpu,dependency,async,1,1,3,2,2,4,1196575044,true,0.028709,0.005042,
case-0001,85,85,cpu,dependency,async,1,1,3,2,2,4,1196575044,true,0.033417,0.011958,
case-0001,86,86,cpu,dependency,async,1,1,3,2,2,4,1196575044,true,0.065625,0.031625,
case-0001,87,87,cpu,dependency,async,1,1,3,2,2,4,1196575044,true,0.051,0.018042,
case-0001,88,88,cpu,dependency,async,1,1,3,2,2,4,1196575044,true,0.02675,0.014875,
case-0001,89,89,cpu,dependency,async,1,1,3,2,2,4,1196575044,true,0.053125,0.048208,
case-0001,90,90,cpu,dependency,async,1,1,3,2,2,4,1196575044,true,0.03375,0.016,
case-0001,91,91,cpu,dependency,async,1,1,3,2,2,4,1196575044,true,0.030459,0.016458,
case-0001,92,92,cpu,dependency,async,1,1,3,2,2,4,1196575044,true,0.043667,0.030458,
case-0001,93,93,cpu,dependency,async,1,1,3,2,2,4,1196575044,true,0.021625,0.004417,
case-0001,94,94,cpu,dependency,async,1,1,3,2,2,4,1196575044,true,0.042916,0.012916,
case-0001,95,95,cpu,dependency,async,1,1,3,2,2,4,1196575044,true,0.0595,0.059417,
case-0001,96,96,cpu,dependency,async,1,1,3,2,2,4,1196575044,true,0.048167,0.012833,
case-0001,97,97,cpu,dependency,async,1,1,3,2,2,4,1196575044,true,0.040666,0.01125,
case-0001,98,98,cpu,dependency,async,1,1,3,2,2,4,1196575044,true,0.043667,0.025958,
case-0001,99,99,cpu,dependency,async,1,1,3,2,2,4,1196575044,true,0.033709,0.015459,
case-0001,100,100,cpu,dependency,async,1,1,3,2,2,4,1196575044,true,0.054041,0.054,
case-0001,101,101,cpu,dependency,async,1,1,3,2,2,4,1196575044,true,0.051209,0.042333,
case-0001,102,102,cpu,dependency,async,1,1,3,2,2,4,1196575044,true,0.042583,0.020792,
case-0001,103,103,cpu,dependency,async,1,1,3,2,2,4,1196575044,true,0.040542,0.006375,
case-0001,104,104,cpu,dependency,async,1,1,3,2,2,4,1196575044,true,0.032959,0.008083,
case-0001,105,105,cpu,dependency,async,1,1,3,2,2,4,1196575044,true,0.038125,0.01625,
case-0001,106,106,cpu,dependency,async,1,1,3,2,2,4,1196575044,true,0.079084,0.043625,
case-0001,107,107,cpu,dependency,async,1,1,3,2,2,4,1196575044,true,0.024333,0.005375,
case-0001,108,108,cpu,dependency,async,1,1,3,2,2,4,1196575044,true,0.039833,0.030416,
case-0001,109,109,cpu,dependency,async,1,1,3,2,2,4,1196575044,true,0.0295,0.01725,
case-0001,110,110,cpu,dependency,async,1,1,3,2,2,4,1196575044,true,0.047666,0.029125,
case-0001,111,111,cpu,dependency,async,1,1,3,2,2,4,1196575044,true,0.048792,0.032375,
case-0001,112,112,cpu,dependency,async,1,1,3,2,2,4,1196575044,true,0.0445,0.038917,
case-0001,113,113,cpu,dependency,async,1,1,3,2,2,4,1196575044,true,0.032041,0.005,
case-0001,114,114,cpu,dependency,async,1,1,3,2,2,4,1196575044,true,0.036167,0.015292,
case-0001,115,115,cpu,dependency,async,1,1,3,2,2,4,1196575044,true,0.035166,0.011791,
case-0001,116,116,cpu,dependency,async,1,1,3,2,2,4,1196575044,true,0.032792,0.012375,
case-0001,117,117,cpu,dependency,async,1,1,3,2,2,4,1196575044,true,0.033916,0.015083,
case-0001,118,118,cpu,dependency,async,1,1,3,2,2,4,1196575044,true,0.045541,0.028166,
case-0001,119,119,cpu,dependency,async,1,1,3,2,2,4,1196575044,true,0.079417,0.0685,
case-0001,120,120,cpu,dependency,async,1,1,3,2,2,4,1196575044,true,0.052333,0.032791,
case-0001,121,121,cpu,dependency,async,1,1,3,2,2,4,1196575044,true,0.040333,0.029875,
case-0001,122,122,cpu,dependency,async,1,1,3,2,2,4,1196575044,true,0.017375,0.006,
case-0001,123,123,cpu,dependency,async,1,1,3,2,2,4,1196575044,true,0.031208,0.011667,
case-0001,124,124,cpu,dependency,async,1,1,3,2,2,4,1196575044,true,0.071583,0.038625,
case-0001,125,125,cpu,dependency,async,1,1,3,2,2,4,1196575044,true,0.038667,0.029875,
case-0001,126,126,cpu,dependency,async,1,1,3,2,2,4,1196575044,true,0.037916,0.010583,
case-0001,127,127,cpu,dependency,async,1,1,3,2,2,4,1196575044,true,0.039917,0.009625,
case-0001,128,128,cpu,dependency,async,1,1,3,2,2,4,1196575044,true,0.042917,0.038167,
case-0001,129,129,cpu,dependency,async,1,1,3,2,2,4,1196575044,true,0.027042,0.015709,
case-0001,130,130,cpu,dependency,async,1,1,3,2,2,4,1196575044,true,0.029334,0.004084,
case-0001,131,131,cpu,dependency,async,1,1,3,2,2,4,1196575044,true,0.047375,0.044666,
case-0001,132,132,cpu,dependency,async,1,1,3,2,2,4,1196575044,true,0.033041,0.018125,
case-0001,133,133,cpu,dependency,async,1,1,3,2,2,4,1196575044,true,0.052167,0.047708,
case-0001,134,134,cpu,dependency,async,1,1,3,2,2,4,1196575044,true,0.041333,0.036625,
case-0001,135,135,cpu,dependency,async,1,1,3,2,2,4,1196575044,true,0.02725,0.005083,
case-0001,136,136,cpu,dependency,async,1,1,3,2,2,4,1196575044,true,0.044542,0.030458,
case-0001,137,137,cpu,dependency,async,1,1,3,2,2,4,1196575044,true,0.029334,0.010792,
case-0001,138,138,cpu,dependency,async,1,1,3,2,2,4,1196575044,true,0.042833,0.034583,
case-0001,139,139,cpu,dependency,async,1,1,3,2,2,4,1196575044,true,0.051958,0.038167,
case-0001,140,140,cpu,dependency,async,1,1,3,2,2,4,1196575044,true,0.051625,0.041291,
case-0001,141,141,cpu,dependency,async,1,1,3,2,2,4,1196575044,true,0.031334,0.022084,
case-0001,142,142,cpu,dependency,async,1,1,3,2,2,4,1196575044,true,0.054458,0.042833,
case-0001,143,143,cpu,dependency,async,1,1,3,2,2,4,1196575044,true,0.053167,0.043417,
case-0001,144,144,cpu,dependency,async,1,1,3,2,2,4,1196575044,true,0.050667,0.041917,
case-0001,145,145,cpu,dependency,async,1,1,3,2,2,4,1196575044,true,0.052666,0.017958,
case-0001,146,146,cpu,dependency,async,1,1,3,2,2,4,1196575044,true,0.047375,0.035209,
case-0001,147,147,cpu,dependency,async,1,1,3,2,2,4,1196575044,true,0.030375,0.017042,
case-0001,148,148,cpu,dependency,async,1,1,3,2,2,4,1196575044,true,0.055709,0.049417,
case-0001,149,149,cpu,dependency,async,1,1,3,2,2,4,1196575044,true,0.040459,0.028292,
case-0001,150,150,cpu,dependency,async,1,1,3,2,2,4,1196575044,true,0.038584,0.034,
case-0001,151,151,cpu,dependency,async,1,1,3,2,2,4,1196575044,true,0.075917,0.072375,
case-0001,152,152,cpu,dependency,async,1,1,3,2,2,4,1196575044,true,0.033458,0.006125,
case-0001,153,153,cpu,dependency,async,1,1,3,2,2,4,1196575044,true,0.044583,0.033209,
case-0001,154,154,cpu,dependency,async,1,1,3,2,2,4,1196575044,true,0.035125,0.020416,
case-0001,155,155,cpu,dependency,async,1,1,3,2,2,4,1196575044,true,0.044583,0.033625,
case-0001,156,156,cpu,dependency,async,1,1,3,2,2,4,1196575044,true,0.0395,0.02125,
case-0001,157,157,cpu,dependency,async,1,1,3,2,2,4,1196575044,true,0.047875,0.043542,
case-0001,158,158,cpu,dependency,async,1,1,3,2,2,4,1196575044,true,0.031209,0.015,
case-0001,159,159,cpu,dependency,async,1,1,3,2,2,4,1196575044,true,0.054958,0.050708,
case-0001,160,160,cpu,dependency,async,1,1,3,2,2,4,1196575044,true,0.021084,0.004209,
case-0001,161,161,cpu,dependency,async,1,1,3,2,2,4,1196575044,true,0.058166,0.050084,
case-0001,162,162,cpu,dependency,async,1,1,3,2,2,4,1196575044,true,0.048,0.034167,
case-0001,163,163,cpu,dependency,async,1,1,3,2,2,4,1196575044,true,0.027291,0.009791,
case-0001,164,164,cpu,dependency,async,1,1,3,2,2,4,1196575044,true,0.042833,0.033833,
case-0001,165,165,cpu,dependency,async,1,1,3,2,2,4,1196575044,true,0.022792,0.004125,
case-0001,166,166,cpu,dependency,async,1,1,3,2,2,4,1196575044,true,0.043417,0.0375,
case-0001,167,167,cpu,dependency,async,1,1,3,2,2,4,1196575044,true,0.045708,0.031041,
case-0001,168,168,cpu,dependency,async,1,1,3,2,2,4,1196575044,true,0.042334,0.013959,
case-0001,169,169,cpu,dependency,async,1,1,3,2,2,4,1196575044,true,0.036667,0.029709,
case-0001,170,170,cpu,dependency,async,1,1,3,2,2,4,1196575044,true,0.040125,0.040084,
case-0001,171,171,cpu,dependency,async,1,1,3,2,2,4,1196575044,true,0.043166,0.033708,
case-0001,172,172,cpu,dependency,async,1,1,3,2,2,4,1196575044,true,0.024375,0.019167,
case-0001,173,173,cpu,dependency,async,1,1,3,2,2,4,1196575044,true,0.05775,0.044,
case-0001,174,174,cpu,dependency,async,1,1,3,2,2,4,1196575044,true,0.022041,0.013834,
case-0001,175,175,cpu,dependency,async,1,1,3,2,2,4,1196575044,true,0.039584,0.023375,
case-0001,176,176,cpu,dependency,async,1,1,3,2,2,4,1196575044,true,0.049125,0.034541,
case-0001,177,177,cpu,dependency,async,1,1,3,2,2,4,1196575044,true,0.059083,0.044541,
case-0001,178,178,cpu,dependency,async,1,1,3,2,2,4,1196575044,true,0.0475,0.017167,
case-0001,179,179,cpu,dependency,async,1,1,3,2,2,4,1196575044,true,0.047916,0.039,
case-0001,180,180,cpu,dependency,async,1,1,3,2,2,4,1196575044,true,0.057625,0.026167,
case-0001,181,181,cpu,dependency,async,1,1,3,2,2,4,1196575044,true,0.047541,0.004708,
case-0001,182,182,cpu,dependency,async,1,1,3,2,2,4,1196575044,true,0.043,0.040292,
case-0001,183,183,cpu,dependency,async,1,1,3,2,2,4,1196575044,true,0.045792,0.014542,
case-0001,184,184,cpu,dependency,async,1,1,3,2,2,4,1196575044,true,0.034833,0.005416,
case-0001,185,185,cpu,dependency,async,1,1,3,2,2,4,1196575044,true,0.022916,0.005416,
case-0001,186,186,cpu,dependency,async,1,1,3,2,2,4,1196575044,true,0.042125,0.039083,
case-0001,187,187,cpu,dependency,async,1,1,3,2,2,4,1196575044,true,0.046292,0.040458,
case-0001,188,188,cpu,dependency,async,1,1,3,2,2,4,1196575044,true,0.034917,0.017458,
case-0001,189,189,cpu,dependency,async,1,1,3,2,2,4,1196575044,true,0.031,0.018375,
case-0001,190,190,cpu,dependency,async,1,1,3,2,2,4,1196575044,true,0.0455,0.042917,
case-0001,191,191,cpu,dependency,async,1,1,3,2,2,4,1196575044,true,0.044834,0.025542,
case-0001,192,192,cpu,dependency,async,1,1,3,2,2,4,1196575044,true,0.029167,0.014042,
case-0001,193,193,cpu,dependency,async,1,1,3,2,2,4,1196575044,true,0.053709,0.049042,
case-0001,194,194,cpu,dependency,async,1,1,3,2,2,4,1196575044,true,0.042,0.034375,
case-0001,195,195,cpu,dependency,async,1,1,3,2,2,4,1196575044,true,0.023416,0.004333,
case-0001,196,196,cpu,dependency,async,1,1,3,2,2,4,1196575044,true,0.0395,0.030958,
case-0001,197,197,cpu,dependency,async,1,1,3,2,2,4,1196575044,true,0.028958,0.015834,
case-0001,198,198,cpu,dependency,async,1,1,3,2,2,4,1196575044,true,0.050291,0.01175,
case-0001,199,199,cpu,dependency,async,1,1,3,2,2,4,1196575044,true,0.053584,0.047375,
case-0001,200,200,cpu,dependency,async,1,1,3,2,2,4,1196575044,true,0.035291,0.019791,
case-0001,201,201,cpu,dependency,async,1,1,3,2,2,4,1196575044,true,0.039958,0.01975,
case-0001,202,202,cpu,dependency,async,1,1,3,2,2,4,1196575044,true,0.053292,0.039625,
case-0001,203,203,cpu,dependency,async,1,1,3,2,2,4,1196575044,true,0.04175,0.031833,
case-0001,204,204,cpu,dependency,async,1,1,3,2,2,4,1196575044,true,0.040875,0.036167,
case-0001,205,205,cpu,dependency,async,1,1,3,2,2,4,1196575044,true,0.044584,0.037584,
case-0001,206,206,cpu,dependency,async,1,1,3,2,2,4,1196575044,true,0.029417,0.010042,
case-0001,207,207,cpu,dependency,async,1,1,3,2,2,4,1196575044,true,0.028542,0.006834,
case-0001,208,208,cpu,dependency,async,1,1,3,2,2,4,1196575044,true,0.040792,0.0335,
case-0001,209,209,cpu,dependency,async,1,1,3,2,2,4,1196575044,true,0.030917,0.007167,
case-0001,210,210,cpu,dependency,async,1,1,3,2,2,4,1196575044,true,0.019167,0.004084,
case-0001,211,211,cpu,dependency,async,1,1,3,2,2,4,1196575044,true,0.045167,0.03125,
case-0001,212,212,cpu,dependency,async,1,1,3,2,2,4,1196575044,true,0.048291,0.029041,
case-0001,213,213,cpu,dependency,async,1,1,3,2,2,4,1196575044,true,0.053209,0.0445,
case-0001,214,214,cpu,dependency,async,1,1,3,2,2,4,1196575044,true,0.061125,0.055333,
case-0001,215,215,cpu,dependency,async,1,1,3,2,2,4,1196575044,true,0.02875,0.006042,
case-0001,216,216,cpu,dependency,async,1,1,3,2,2,4,1196575044,true,0.060875,0.022542,
case-0001,217,217,cpu,dependency,async,1,1,3,2,2,4,1196575044,true,0.058708,0.010792,
case-0001,218,218,cpu,dependency,async,1,1,3,2,2,4,1196575044,true,0.04125,0.020458,
case-0001,219,219,cpu,dependency,async,1,1,3,2,2,4,1196575044,true,0.049416,0.022834,
case-0001,220,220,cpu,dependency,async,1,1,3,2,2,4,1196575044,true,0.078833,0.068375,
case-0001,221,221,cpu,dependency,async,1,1,3,2,2,4,1196575044,true,0.092042,0.087333,
case-0001,222,222,cpu,dependency,async,1,1,3,2,2,4,1196575044,true,0.033375,0.028916,
case-0001,223,223,cpu,dependency,async,1,1,3,2,2,4,1196575044,true,0.021667,0.006375,
case-0001,224,224,cpu,dependency,async,1,1,3,2,2,4,1196575044,true,0.062375,0.059084,
case-0001,225,225,cpu,dependency,async,1,1,3,2,2,4,1196575044,true,0.01975,0.003584,
case-0001,226,226,cpu,dependency,async,1,1,3,2,2,4,1196575044,true,0.030875,0.018541,
case-0001,227,227,cpu,dependency,async,1,1,3,2,2,4,1196575044,true,0.054834,0.027417,
case-0001,228,228,cpu,dependency,async,1,1,3,2,2,4,1196575044,true,0.063791,0.047875,
case-0001,229,229,cpu,dependency,async,1,1,3,2,2,4,1196575044,true,0.027666,0.005584,
case-0001,230,230,cpu,dependency,async,1,1,3,2,2,4,1196575044,true,0.057042,0.04975,
case-0001,231,231,cpu,dependency,async,1,1,3,2,2,4,1196575044,true,0.052708,0.024792,
case-0001,232,232,cpu,dependency,async,1,1,3,2,2,4,1196575044,true,0.047,0.009917,
case-0001,233,233,cpu,dependency,async,1,1,3,2,2,4,1196575044,true,0.05525,0.005959,
case-0001,234,234,cpu,dependency,async,1,1,3,2,2,4,1196575044,true,0.030625,0.010916,
case-0001,235,235,cpu,dependency,async,1,1,3,2,2,4,1196575044,true,0.03975,0.016458,
case-0001,236,236,cpu,dependency,async,1,1,3,2,2,4,1196575044,true,0.023916,0.013916,
case-0001,237,237,cpu,dependency,async,1,1,3,2,2,4,1196575044,true,0.041708,0.033791,
case-0001,238,238,cpu,dependency,async,1,1,3,2,2,4,1196575044,true,0.051667,0.020209,
case-0001,239,239,cpu,dependency,async,1,1,3,2,2,4,1196575044,true,0.036125,0.005958,
case-0001,240,240,cpu,dependency,async,1,1,3,2,2,4,1196575044,true,0.024792,0.004417,
case-0001,241,241,cpu,dependency,async,1,1,3,2,2,4,1196575044,true,0.054209,0.042375,
case-0001,242,242,cpu,dependency,async,1,1,3,2,2,4,1196575044,true,0.029,0.014958,
case-0001,243,243,cpu,dependency,async,1,1,3,2,2,4,1196575044,true,0.049916,0.042041,
case-0001,244,244,cpu,dependency,async,1,1,3,2,2,4,1196575044,true,0.045834,0.027375,
case-0001,245,245,cpu,dependency,async,1,1,3,2,2,4,1196575044,true,0.040459,0.025417,
case-0001,246,246,cpu,dependency,async,1,1,3,2,2,4,1196575044,true,0.064167,0.024167,
case-0001,247,247,cpu,dependency,async,1,1,3,2,2,4,1196575044,true,0.042541,0.012709,
case-0001,248,248,cpu,dependency,async,1,1,3,2,2,4,1196575044,true,0.039625,0.012625,
case-0001,249,249,cpu,dependency,async,1,1,3,2,2,4,1196575044,true,0.05725,0.049791,
case-0001,250,250,cpu,dependency,async,1,1,3,2,2,4,1196575044,true,0.040333,0.027708,
case-0001,251,251,cpu,dependency,async,1,1,3,2,2,4,1196575044,true,0.020792,0.004709,
case-0001,252,252,cpu,dependency,async,1,1,3,2,2,4,1196575044,true,0.0405,0.033625,
case-0001,253,253,cpu,dependency,async,1,1,3,2,2,4,1196575044,true,0.048,0.047916,
case-0001,254,254,cpu,dependency,async,1,1,3,2,2,4,1196575044,true,0.045208,0.03675,
case-0001,255,255,cpu,dependency,async,1,1,3,2,2,4,1196575044,true,0.03725,0.024416,
case-0001,256,256,cpu,dependency,async,1,1,3,2,2,4,1196575044,true,0.023708,0.012,
case-0001,257,257,cpu,dependency,async,1,1,3,2,2,4,1196575044,true,0.042958,0.01375,
case-0001,258,258,cpu,dependency,async,1,1,3,2,2,4,1196575044,true,0.029584,0.005417,
case-0001,259,259,cpu,dependency,async,1,1,3,2,2,4,1196575044,true,0.046,0.014833,
case-0001,260,260,cpu,dependency,async,1,1,3,2,2,4,1196575044,true,0.030917,0.019167,
case-0001,261,261,cpu,dependency,async,1,1,3,2,2,4,1196575044,true,0.03625,0.015667,
case-0001,262,262,cpu,dependency,async,1,1,3,2,2,4,1196575044,true,0.059375,0.0275,
case-0001,263,263,cpu,dependency,async,1,1,3,2,2,4,1196575044,true,0.126583,0.104917,
case-0001,264,264,cpu,dependency,async,1,1,3,2,2,4,1196575044,true,0.045208,0.037167,
case-0001,265,265,cpu,dependency,async,1,1,3,2,2,4,1196575044,true,0.024625,0.01075,
case-0001,266,266,cpu,dependency,async,1,1,3,2,2,4,1196575044,true,0.0875,0.076791,
case-0001,267,267,cpu,dependency,async,1,1,3,2,2,4,1196575044,true,0.057666,0.042292,
case-0001,268,268,cpu,dependency,async,1,1,3,2,2,4,1196575044,true,0.037125,0.019875,
case-0001,269,269,cpu,dependency,async,1,1,3,2,2,4,1196575044,true,0.036709,0.031334,
case-0001,270,270,cpu,dependency,async,1,1,3,2,2,4,1196575044,true,0.023834,0.004792,
case-0001,271,271,cpu,dependency,async,1,1,3,2,2,4,1196575044,true,0.044625,0.044584,
case-0001,272,272,cpu,dependency,async,1,1,3,2,2,4,1196575044,true,0.051625,0.017916,
case-0001,273,273,cpu,dependency,async,1,1,3,2,2,4,1196575044,true,0.032375,0.004917,
case-0001,274,274,cpu,dependency,async,1,1,3,2,2,4,1196575044,true,0.027792,0.0055,
case-0001,275,275,cpu,dependency,async,1,1,3,2,2,4,1196575044,true,0.078916,0.07125,
case-0001,276,276,cpu,dependency,async,1,1,3,2,2,4,1196575044,true,0.031333,0.004667,
case-0001,277,277,cpu,dependency,async,1,1,3,2,2,4,1196575044,true,0.059,0.05375,
case-0001,278,278,cpu,dependency,async,1,1,3,2,2,4,1196575044,true,0.053916,0.042292,
case-0001,279,279,cpu,dependency,async,1,1,3,2,2,4,1196575044,true,0.046791,0.042209,
case-0001,280,280,cpu,dependency,async,1,1,3,2,2,4,1196575044,true,0.047917,0.01025,
case-0001,281,281,cpu,dependency,async,1,1,3,2,2,4,1196575044,true,0.051334,0.048917,
case-0001,282,282,cpu,dependency,async,1,1,3,2,2,4,1196575044,true,0.037458,0.013834,
case-0001,283,283,cpu,dependency,async,1,1,3,2,2,4,1196575044,true,0.06,0.044083,
case-0001,284,284,cpu,dependency,async,1,1,3,2,2,4,1196575044,true,0.040875,0.028041,
case-0001,285,285,cpu,dependency,async,1,1,3,2,2,4,1196575044,true,0.04125,0.03,
case-0001,286,286,cpu,dependency,async,1,1,3,2,2,4,1196575044,true,0.060917,0.051292,
case-0001,287,287,cpu,dependency,async,1,1,3,2,2,4,1196575044,true,0.026084,0.004709,
case-0001,288,288,cpu,dependency,async,1,1,3,2,2,4,1196575044,true,0.046958,0.037458,
case-0001,289,289,cpu,dependency,async,1,1,3,2,2,4,1196575044,true,0.050875,0.02675,
case-0001,290,290,cpu,dependency,async,1,1,3,2,2,4,1196575044,true,0.024666,0.01975,
case-0001,291,291,cpu,dependency,async,1,1,3,2,2,4,1196575044,true,0.032375,0.006542,
case-0001,292,292,cpu,dependency,async,1,1,3,2,2,4,1196575044,true,0.051833,0.044375,
case-0001,293,293,cpu,dependency,async,1,1,3,2,2,4,1196575044,true,0.042,0.027542,
case-0001,294,294,cpu,dependency,async,1,1,3,2,2,4,1196575044,true,0.055375,0.052625,
case-0001,295,295,cpu,dependency,async,1,1,3,2,2,4,1196575044,true,0.043625,0.034125,
case-0001,296,296,cpu,dependency,async,1,1,3,2,2,4,1196575044,true,0.049667,0.041958,
case-0001,297,297,cpu,dependency,async,1,1,3,2,2,4,1196575044,true,0.053834,0.045917,
case-0001,298,298,cpu,dependency,async,1,1,3,2,2,4,1196575044,true,0.051417,0.041833,
case-0001,299,299,cpu,dependency,async,1,1,3,2,2,4,1196575044,true,0.040125,0.031417,
case-0001,300,300,cpu,dependency,async,1,1,3,2,2,4,1196575044,true,0.051875,0.047209,
case-0001,301,301,cpu,dependency,async,1,1,3,2,2,4,1196575044,true,0.050333,0.030667,
case-0001,302,302,cpu,dependency,async,1,1,3,2,2,4,1196575044,true,0.046291,0.026708,
case-0001,303,303,cpu,dependency,async,1,1,3,2,2,4,1196575044,true,0.04975,0.024417,
case-0001,304,304,cpu,dependency,async,1,1,3,2,2,4,1196575044,true,0.026875,0.005,
case-0001,305,305,cpu,dependency,async,1,1,3,2,2,4,1196575044,true,0.034459,0.015167,
case-0001,306,306,cpu,dependency,async,1,1,3,2,2,4,1196575044,true,0.047125,0.018209,
case-0001,307,307,cpu,dependency,async,1,1,3,2,2,4,1196575044,true,0.046875,0.033125,
case-0001,308,308,cpu,dependency,async,1,1,3,2,2,4,1196575044,true,0.039167,0.024709,
case-0001,309,309,cpu,dependency,async,1,1,3,2,2,4,1196575044,true,0.058208,0.051708,
case-0001,310,310,cpu,dependency,async,1,1,3,2,2,4,1196575044,true,0.047708,0.028333,
case-0001,311,311,cpu,dependency,async,1,1,3,2,2,4,1196575044,true,0.039125,0.020167,
case-0001,312,312,cpu,dependency,async,1,1,3,2,2,4,1196575044,true,0.033208,0.01125,
case-0001,313,313,cpu,dependency,async,1,1,3,2,2,4,1196575044,true,0.048958,0.025583,
case-0001,314,314,cpu,dependency,async,1,1,3,2,2,4,1196575044,true,0.047959,0.04375,
case-0001,315,315,cpu,dependency,async,1,1,3,2,2,4,1196575044,true,0.034542,0.029667,
case-0001,316,316,cpu,dependency,async,1,1,3,2,2,4,1196575044,true,0.027417,0.024333,
case-0001,317,317,cpu,dependency,async,1,1,3,2,2,4,1196575044,true,0.065125,0.049375,
case-0001,318,318,cpu,dependency,async,1,1,3,2,2,4,1196575044,true,0.048084,0.041334,
case-0001,319,319,cpu,dependency,async,1,1,3,2,2,4,1196575044,true,0.032208,0.004458,
case-0001,320,320,cpu,dependency,async,1,1,3,2,2,4,1196575044,true,0.038375,0.019042,
case-0001,321,321,cpu,dependency,async,1,1,3,2,2,4,1196575044,true,0.0225,0.004208,
case-0001,322,322,cpu,dependency,async,1,1,3,2,2,4,1196575044,true,0.05175,0.051708,
case-0001,323,323,cpu,dependency,async,1,1,3,2,2,4,1196575044,true,0.051792,0.046625,
case-0001,324,324,cpu,dependency,async,1,1,3,2,2,4,1196575044,true,0.046459,0.04375,
case-0001,325,325,cpu,dependency,async,1,1,3,2,2,4,1196575044,true,0.03875,0.026125,
case-0001,326,326,cpu,dependency,async,1,1,3,2,2,4,1196575044,true,0.031917,0.027167,
case-0001,327,327,cpu,dependency,async,1,1,3,2,2,4,1196575044,true,0.037,0.0305,
case-0001,328,328,cpu,dependency,async,1,1,3,2,2,4,1196575044,true,0.038208,0.012583,
case-0001,329,329,cpu,dependency,async,1,1,3,2,2,4,1196575044,true,0.052625,0.037917,
case-0001,330,330,cpu,dependency,async,1,1,3,2,2,4,1196575044,true,0.040791,0.028333,
case-0001,331,331,cpu,dependency,async,1,1,3,2,2,4,1196575044,true,0.054,0.045333,
case-0001,332,332,cpu,dependency,async,1,1,3,2,2,4,1196575044,true,0.042542,0.02925,
case-0001,333,333,cpu,dependency,async,1,1,3,2,2,4,1196575044,true,0.02875,0.004542,
case-0001,334,334,cpu,dependency,async,1,1,3,2,2,4,1196575044,true,0.043583,0.039125,
case-0001,335,335,cpu,dependency,async,1,1,3,2,2,4,1196575044,true,0.017583,0.00425,
case-0001,336,336,cpu,dependency,async,1,1,3,2,2,4,1196575044,true,0.041042,0.030125,
case-0001,337,337,cpu,dependency,async,1,1,3,2,2,4,1196575044,true,0.030708,0.004333,
case-0001,338,338,cpu,dependency,async,1,1,3,2,2,4,1196575044,true,0.041917,0.039792,
case-0001,339,339,cpu,dependency,async,1,1,3,2,2,4,1196575044,true,0.035417,0.030625,
case-0001,340,340,cpu,dependency,async,1,1,3,2,2,4,1196575044,true,0.024417,0.00475,
case-0001,341,341,cpu,dependency,async,1,1,3,2,2,4,1196575044,true,0.043834,0.015833,
case-0001,342,342,cpu,dependency,async,1,1,3,2,2,4,1196575044,true,0.040417,0.025833,
case-0001,343,343,cpu,dependency,async,1,1,3,2,2,4,1196575044,true,0.037083,0.025916,
case-0001,344,344,cpu,dependency,async,1,1,3,2,2,4,1196575044,true,0.060583,0.054458,
case-0001,345,345,cpu,dependency,async,1,1,3,2,2,4,1196575044,true,0.032875,0.008875,
case-0001,346,346,cpu,dependency,async,1,1,3,2,2,4,1196575044,true,0.056917,0.032583,
case-0001,347,347,cpu,dependency,async,1,1,3,2,2,4,1196575044,true,0.036834,0.030042,
case-0001,348,348,cpu,dependency,async,1,1,3,2,2,4,1196575044,true,0.035458,0.013458,
case-0001,349,349,cpu,dependency,async,1,1,3,2,2,4,1196575044,true,0.055708,0.046958,
case-0001,350,350,cpu,dependency,async,1,1,3,2,2,4,1196575044,true,0.029625,0.00425,
case-0001,351,351,cpu,dependency,async,1,1,3,2,2,4,1196575044,true,0.031541,0.012541,
case-0001,352,352,cpu,dependency,async,1,1,3,2,2,4,1196575044,true,0.054417,0.049375,
case-0001,353,353,cpu,dependency,async,1,1,3,2,2,4,1196575044,true,0.0425,0.035417,
case-0001,354,354,cpu,dependency,async,1,1,3,2,2,4,1196575044,true,0.049416,0.04625,
case-0001,355,355,cpu,dependency,async,1,1,3,2,2,4,1196575044,true,0.033208,0.012292,
case-0001,356,356,cpu,dependency,async,1,1,3,2,2,4,1196575044,true,0.036541,0.01825,
case-0001,357,357,cpu,dependency,async,1,1,3,2,2,4,1196575044,true,0.049791,0.041541,
case-0001,358,358,cpu,dependency,async,1,1,3,2,2,4,1196575044,true,0.034917,0.023375,
case-0001,359,359,cpu,dependency,async,1,1,3,2,2,4,1196575044,true,0.039917,0.03025,
case-0001,360,360,cpu,dependency,async,1,1,3,2,2,4,1196575044,true,0.044541,0.037041,
case-0001,361,361,cpu,dependency,async,1,1,3,2,2,4,1196575044,true,0.02125,0.005125,
case-0001,362,362,cpu,dependency,async,1,1,3,2,2,4,1196575044,true,0.050791,0.039333,
case-0001,363,363,cpu,dependency,async,1,1,3,2,2,4,1196575044,true,0.038291,0.014709,
case-0001,364,364,cpu,dependency,async,1,1,3,2,2,4,1196575044,true,0.048,0.0425,
case-0001,365,365,cpu,dependency,async,1,1,3,2,2,4,1196575044,true,0.043375,0.006542,
case-0001,366,366,cpu,dependency,async,1,1,3,2,2,4,1196575044,true,0.029333,0.024917,
case-0001,367,367,cpu,dependency,async,1,1,3,2,2,4,1196575044,true,0.043,0.029708,
case-0001,368,368,cpu,dependency,async,1,1,3,2,2,4,1196575044,true,0.050333,0.015833,
case-0001,369,369,cpu,dependency,async,1,1,3,2,2,4,1196575044,true,0.029417,0.004625,
case-0001,370,370,cpu,dependency,async,1,1,3,2,2,4,1196575044,true,0.049041,0.043625,
case-0001,371,371,cpu,dependency,async,1,1,3,2,2,4,1196575044,true,0.042166,0.020917,
case-0001,372,372,cpu,dependency,async,1,1,3,2,2,4,1196575044,true,0.052917,0.027875,
case-0001,373,373,cpu,dependency,async,1,1,3,2,2,4,1196575044,true,0.044083,0.037,
case-0001,374,374,cpu,dependency,async,1,1,3,2,2,4,1196575044,true,0.031791,0.024209,
case-0001,375,375,cpu,dependency,async,1,1,3,2,2,4,1196575044,true,0.05725,0.047292,
case-0001,376,376,cpu,dependency,async,1,1,3,2,2,4,1196575044,true,0.048833,0.04125,
case-0001,377,377,cpu,dependency,async,1,1,3,2,2,4,1196575044,true,0.033792,0.005292,
case-0001,378,378,cpu,dependency,async,1,1,3,2,2,4,1196575044,true,0.030333,0.011,
case-0001,379,379,cpu,dependency,async,1,1,3,2,2,4,1196575044,true,0.0455,0.040292,
case-0001,380,380,cpu,dependency,async,1,1,3,2,2,4,1196575044,true,0.043417,0.037042,
case-0001,381,381,cpu,dependency,async,1,1,3,2,2,4,1196575044,true,0.040875,0.006917,
case-0001,382,382,cpu,dependency,async,1,1,3,2,2,4,1196575044,true,0.031292,0.02625,
case-0001,383,383,cpu,dependency,async,1,1,3,2,2,4,1196575044,true,0.061708,0.050416,
case-0001,384,384,cpu,dependency,async,1,1,3,2,2,4,1196575044,true,0.037584,0.0295,
case-0001,385,385,cpu,dependency,async,1,1,3,2,2,4,1196575044,true,0.0375,0.032792,
case-0001,386,386,cpu,dependency,async,1,1,3,2,2,4,1196575044,true,0.031916,0.010959,
case-0001,387,387,cpu,dependency,async,1,1,3,2,2,4,1196575044,true,0.044583,0.034166,
case-0001,388,388,cpu,dependency,async,1,1,3,2,2,4,1196575044,true,0.032833,0.0235,
case-0001,389,389,cpu,dependency,async,1,1,3,2,2,4,1196575044,true,0.060666,0.005959,
case-0001,390,390,cpu,dependency,async,1,1,3,2,2,4,1196575044,true,0.023583,0.007708,
case-0001,391,391,cpu,dependency,async,1,1,3,2,2,4,1196575044,true,0.05225,0.045041,
case-0001,392,392,cpu,dependency,async,1,1,3,2,2,4,1196575044,true,0.038625,0.0265,
case-0001,393,393,cpu,dependency,async,1,1,3,2,2,4,1196575044,true,0.042208,0.032375,
case-0001,394,394,cpu,dependency,async,1,1,3,2,2,4,1196575044,true,0.038375,0.026542,
case-0001,395,395,cpu,dependency,async,1,1,3,2,2,4,1196575044,true,0.047666,0.038458,
case-0001,396,396,cpu,dependency,async,1,1,3,2,2,4,1196575044,true,0.047875,0.015292,
case-0001,397,397,cpu,dependency,async,1,1,3,2,2,4,1196575044,true,0.038333,0.021666,
case-0001,398,398,cpu,dependency,async,1,1,3,2,2,4,1196575044,true,0.025792,0.012667,
case-0001,399,399,cpu,dependency,async,1,1,3,2,2,4,1196575044,true,0.044875,0.028042,
case-0001,400,400,cpu,dependency,async,1,1,3,2,2,4,1196575044,true,0.02425,0.012541,
case-0001,401,401,cpu,dependency,async,1,1,3,2,2,4,1196575044,true,0.026958,0.004208,
case-0001,402,402,cpu,dependency,async,1,1,3,2,2,4,1196575044,true,0.038833,0.009291,
case-0001,403,403,cpu,dependency,async,1,1,3,2,2,4,1196575044,true,0.021416,0.009625,
case-0001,404,404,cpu,dependency,async,1,1,3,2,2,4,1196575044,true,0.027875,0.017167,
case-0001,405,405,cpu,dependency,async,1,1,3,2,2,4,1196575044,true,0.056875,0.043458,
case-0001,406,406,cpu,dependency,async,1,1,3,2,2,4,1196575044,true,0.024125,0.016959,
case-0001,407,407,cpu,dependency,async,1,1,3,2,2,4,1196575044,true,0.043875,0.029125,
case-0001,408,408,cpu,dependency,async,1,1,3,2,2,4,1196575044,true,0.04325,0.01675,
case-0001,409,409,cpu,dependency,async,1,1,3,2,2,4,1196575044,true,0.024375,0.005,
case-0001,410,410,cpu,dependency,async,1,1,3,2,2,4,1196575044,true,0.051458,0.038708,
case-0001,411,411,cpu,dependency,async,1,1,3,2,2,4,1196575044,true,0.036375,0.01175,
case-0001,412,412,cpu,dependency,async,1,1,3,2,2,4,1196575044,true,0.049,0.011375,
case-0001,413,413,cpu,dependency,async,1,1,3,2,2,4,1196575044,true,0.062708,0.047791,
case-0001,414,414,cpu,dependency,async,1,1,3,2,2,4,1196575044,true,0.031792,0.005541,
case-0001,415,415,cpu,dependency,async,1,1,3,2,2,4,1196575044,true,0.037917,0.03025,
case-0001,416,416,cpu,dependency,async,1,1,3,2,2,4,1196575044,true,0.01775,0.00675,
case-0001,417,417,cpu,dependency,async,1,1,3,2,2,4,1196575044,true,0.044875,0.0365,
case-0001,418,418,cpu,dependency,async,1,1,3,2,2,4,1196575044,true,0.049375,0.047292,
case-0001,419,419,cpu,dependency,async,1,1,3,2,2,4,1196575044,true,0.052334,0.046459,
case-0001,420,420,cpu,dependency,async,1,1,3,2,2,4,1196575044,true,0.046375,0.032792,
case-0001,421,421,cpu,dependency,async,1,1,3,2,2,4,1196575044,true,0.051458,0.021166,
case-0001,422,422,cpu,dependency,async,1,1,3,2,2,4,1196575044,true,0.035792,0.02475,
case-0001,423,423,cpu,dependency,async,1,1,3,2,2,4,1196575044,true,0.04475,0.044667,
case-0001,424,424,cpu,dependency,async,1,1,3,2,2,4,1196575044,true,0.029875,0.013292,
case-0001,425,425,cpu,dependency,async,1,1,3,2,2,4,1196575044,true,0.054,0.053875,
case-0001,426,426,cpu,dependency,async,1,1,3,2,2,4,1196575044,true,0.039084,0.026542,
case-0001,427,427,cpu,dependency,async,1,1,3,2,2,4,1196575044,true,0.072875,0.067917,
case-0001,428,428,cpu,dependency,async,1,1,3,2,2,4,1196575044,true,0.020542,0.00375,
case-0001,429,429,cpu,dependency,async,1,1,3,2,2,4,1196575044,true,0.028834,0.005125,
case-0001,430,430,cpu,dependency,async,1,1,3,2,2,4,1196575044,true,0.048959,0.044625,
case-0001,431,431,cpu,dependency,async,1,1,3,2,2,4,1196575044,true,0.028708,0.005042,
case-0001,432,432,cpu,dependency,async,1,1,3,2,2,4,1196575044,true,0.067666,0.056458,
case-0001,433,433,cpu,dependency,async,1,1,3,2,2,4,1196575044,true,0.042125,0.020625,
case-0001,434,434,cpu,dependency,async,1,1,3,2,2,4,1196575044,true,0.028125,0.007208,
case-0001,435,435,cpu,dependency,async,1,1,3,2,2,4,1196575044,true,0.047167,0.017291,
case-0001,436,436,cpu,dependency,async,1,1,3,2,2,4,1196575044,true,0.034916,0.031833,
case-0001,437,437,cpu,dependency,async,1,1,3,2,2,4,1196575044,true,0.043042,0.038792,
case-0001,438,438,cpu,dependency,async,1,1,3,2,2,4,1196575044,true,0.036667,0.036583,
case-0001,439,439,cpu,dependency,async,1,1,3,2,2,4,1196575044,true,0.026541,0.0175,
case-0001,440,440,cpu,dependency,async,1,1,3,2,2,4,1196575044,true,0.043208,0.038083,
case-0001,441,441,cpu,dependency,async,1,1,3,2,2,4,1196575044,true,0.049,0.034708,
case-0001,442,442,cpu,dependency,async,1,1,3,2,2,4,1196575044,true,0.023375,0.011583,
case-0001,443,443,cpu,dependency,async,1,1,3,2,2,4,1196575044,true,0.037334,0.015,
case-0001,444,444,cpu,dependency,async,1,1,3,2,2,4,1196575044,true,0.041958,0.003667,
case-0001,445,445,cpu,dependency,async,1,1,3,2,2,4,1196575044,true,0.04425,0.037916,
case-0001,446,446,cpu,dependency,async,1,1,3,2,2,4,1196575044,true,0.0495,0.024792,
case-0001,447,447,cpu,dependency,async,1,1,3,2,2,4,1196575044,true,0.03775,0.033375,
case-0001,448,448,cpu,dependency,async,1,1,3,2,2,4,1196575044,true,0.044333,0.044292,
case-0001,449,449,cpu,dependency,async,1,1,3,2,2,4,1196575044,true,0.061959,0.055042,
case-0001,450,450,cpu,dependency,async,1,1,3,2,2,4,1196575044,true,0.084375,0.062833,
case-0001,451,451,cpu,dependency,async,1,1,3,2,2,4,1196575044,true,0.116416,0.086583,
case-0001,452,452,cpu,dependency,async,1,1,3,2,2,4,1196575044,true,0.067958,0.007625,
case-0001,453,453,cpu,dependency,async,1,1,3,2,2,4,1196575044,true,0.053292,0.04525,
case-0001,454,454,cpu,dependency,async,1,1,3,2,2,4,1196575044,true,0.028292,0.016375,
case-0001,455,455,cpu,dependency,async,1,1,3,2,2,4,1196575044,true,0.0565,0.045833,
case-0001,456,456,cpu,dependency,async,1,1,3,2,2,4,1196575044,true,0.04025,0.029833,
case-0001,457,457,cpu,dependency,async,1,1,3,2,2,4,1196575044,true,0.028541,0.005208,
case-0001,458,458,cpu,dependency,async,1,1,3,2,2,4,1196575044,true,0.030833,0.016375,
case-0001,459,459,cpu,dependency,async,1,1,3,2,2,4,1196575044,true,0.041,0.016292,
case-0001,460,460,cpu,dependency,async,1,1,3,2,2,4,1196575044,true,0.059833,0.055041,
